{"chunk_definitions":[{"row":6,"row_count":1,"visible":true,"expansion_state":0,"options":{"engine":"r","label":"unnamed-chunk-1","dev":"png"},"document_id":"65914902","chunk_id":"clctmvp4o2y04","chunk_label":"unnamed-chunk-1"},{"row":11,"row_count":1,"visible":true,"expansion_state":0,"options":{"engine":"r","label":"unnamed-chunk-2","dev":"png"},"document_id":"65914902","chunk_id":"c5oa0b5chesdw","chunk_label":"unnamed-chunk-2"},{"row":15,"row_count":1,"visible":true,"expansion_state":0,"options":{"engine":"r","label":"unnamed-chunk-3","dev":"png"},"document_id":"65914902","chunk_id":"coqf6kciqcllp","chunk_label":"unnamed-chunk-3"},{"row":55,"row_count":1,"visible":true,"expansion_state":0,"options":{"engine":"r","label":"unnamed-chunk-2","dev":"png"},"document_id":"C87F32E0","chunk_id":"c70vo4am6rkgp","chunk_label":"unnamed-chunk-4"},{"row":59,"row_count":1,"visible":true,"expansion_state":0,"options":{"engine":"r","label":"unnamed-chunk-3","dev":"png"},"document_id":"C87F32E0","chunk_id":"c9jibkkpphn4r","chunk_label":"unnamed-chunk-5"}],"doc_write_time":1719195172}