"0","new.obs <- data.frame("
"0","  gender = factor(""1"", levels = levels(dvisits$sex)),"
"0","  actdays = 7,"
"0","  has_chronic_condition1 = factor(""1"", levels = levels(dvisits$has_chronic_condition1)),"
"0","  has_chronic_condition2 = factor(""0"", levels = levels(dvisits$has_chronic_condition2)),"
"0","  hospdays = 3"
"0",")"
"0",""
"0","predicted_zero_prob <- predict(zip_model, newdata = new_observation, type = ""zero"")"
"0","predicted_count <- predict(zip_model, newdata = new_observation, type = ""count"")"
"0",""
"0","predicted_zero_prob"
"1"," 1 "
"1","
"
"1","NA "
"1","
"
