"0","# Load necessary library"
"0","library(dplyr)"
"0",""
"0","# Assuming your original dataset is named 'original_data'"
"0","# Select the required columns to create the new dataset"
"0",""
"0","new_dataset <- data %>%"
"0","  select("
"0","    age,"
"0","    gravida,"
"0","    parity,"
"0","    race,"
"0","    marital_status,"
"0","    employment,"
"0","    insurance,"
"0","    nas_diagnosis,"
"0","    length_of_nas_treatment,"
"0","    pharmacotherapy_agent_for___1, pharmacotherapy_agent_for___2, pharmacotherapy_agent_for___3,"
"0","    pharmacotherapy_agent_for___4, pharmacotherapy_agent_for___5, pharmacotherapy_agent_for___6, pharmacotherapy_agent_for___7,"
"0","    nicu_admission,"
"0","    length_of_nicu_stay,"
"0","    baby_s_total_length_of_hos,"
"0","    sga_infant_birth_weight_10,"
"0","    neonatal_birth_weight_in_g,"
"0","    birth_weight_percentile,"
"0","    infant_gestational_age_at,"
"0","    infant_gestational_age_a,"
"0","    apgar_at_1_minute,"
"0","    apgar_at_5_minutes,"
"0","    infant_sex,"
"0","    neonatal_demise_1_year_of"
"0","  )"
"0",""
"0","head(new_dataset)"
