{"chunk_definitions":[{"row":18,"row_count":1,"visible":true,"expansion_state":0,"options":{"engine":"r","label":"unnamed-chunk-30","dev":"png"},"document_id":"08D90219","chunk_id":"c9116tzoop7c4","chunk_label":"unnamed-chunk-1"},{"row":23,"row_count":1,"visible":true,"expansion_state":0,"options":{"engine":"r","label":"unnamed-chunk-31","dev":"png"},"document_id":"08D90219","chunk_id":"cm3iy3ak93elr","chunk_label":"unnamed-chunk-2"},{"row":32,"row_count":1,"visible":true,"expansion_state":0,"options":{"engine":"r","label":"unnamed-chunk-32","dev":"png"},"document_id":"08D90219","chunk_id":"c6nx95b97iiln","chunk_label":"unnamed-chunk-3"},{"row":41,"row_count":1,"visible":true,"expansion_state":0,"options":{"engine":"r","label":"unnamed-chunk-33","dev":"png"},"document_id":"08D90219","chunk_id":"cjjqc7up14neo","chunk_label":"unnamed-chunk-4"},{"row":53,"row_count":1,"visible":true,"expansion_state":0,"options":{"engine":"r","label":"unnamed-chunk-34","dev":"png"},"document_id":"08D90219","chunk_id":"ciax5k3zhich5","chunk_label":"unnamed-chunk-5"},{"row":64,"row_count":1,"visible":true,"expansion_state":0,"options":{"engine":"r","label":"unnamed-chunk-35","dev":"png"},"document_id":"08D90219","chunk_id":"cqq4pk1pis18a","chunk_label":"unnamed-chunk-6"},{"row":77,"row_count":1,"visible":true,"expansion_state":0,"options":{"engine":"r","label":"unnamed-chunk-36","dev":"png"},"document_id":"08D90219","chunk_id":"cpj66bydgzdrb","chunk_label":"unnamed-chunk-7"},{"row":82,"row_count":1,"visible":true,"expansion_state":0,"options":{"engine":"r","label":"unnamed-chunk-37","dev":"png"},"document_id":"08D90219","chunk_id":"ckjgwd4vdafjm","chunk_label":"unnamed-chunk-8"},{"row":96,"row_count":1,"visible":true,"expansion_state":0,"options":{"engine":"r","label":"unnamed-chunk-38","dev":"png"},"document_id":"08D90219","chunk_id":"c7n3ljfo2vtq0","chunk_label":"unnamed-chunk-9"},{"row":110,"row_count":1,"visible":true,"expansion_state":0,"options":{"engine":"r","label":"unnamed-chunk-39","dev":"png"},"document_id":"08D90219","chunk_id":"csvo1twvigkty","chunk_label":"unnamed-chunk-10"},{"row":123,"row_count":1,"visible":true,"expansion_state":0,"options":{"engine":"r","label":"unnamed-chunk-40","dev":"png"},"document_id":"08D90219","chunk_id":"ck544wexlj49k","chunk_label":"unnamed-chunk-11"},{"row":139,"row_count":1,"visible":true,"expansion_state":0,"options":{"engine":"r","label":"unnamed-chunk-41","dev":"png"},"document_id":"08D90219","chunk_id":"clqq9vo3xeu3g","chunk_label":"unnamed-chunk-12"},{"row":152,"row_count":1,"visible":true,"expansion_state":0,"options":{"engine":"r","label":"unnamed-chunk-42","dev":"png"},"document_id":"08D90219","chunk_id":"c0fcs4a2mm08n","chunk_label":"unnamed-chunk-13"},{"row":172,"row_count":1,"visible":true,"expansion_state":0,"options":{"engine":"r","label":"unnamed-chunk-43","dev":"png"},"document_id":"08D90219","chunk_id":"ce4h75lgklo9p","chunk_label":"unnamed-chunk-14"},{"row":178,"row_count":1,"visible":true,"expansion_state":0,"options":{"engine":"r","label":"unnamed-chunk-46","dev":"png"},"document_id":"08D90219","chunk_id":"clfsrwnzbycxr","chunk_label":"unnamed-chunk-15"},{"row":209,"row_count":1,"visible":true,"expansion_state":0,"options":{"engine":"r","label":"unnamed-chunk-47","dev":"png"},"document_id":"08D90219","chunk_id":"clu0y27g3j7q0","chunk_label":"unnamed-chunk-16"},{"row":222,"row_count":1,"visible":true,"expansion_state":0,"options":{"engine":"r","label":"unnamed-chunk-48","dev":"png"},"document_id":"08D90219","chunk_id":"c0ki3veiq58pg","chunk_label":"unnamed-chunk-17"},{"row":228,"row_count":1,"visible":true,"expansion_state":0,"options":{"engine":"r","label":"unnamed-chunk-49","dev":"png"},"document_id":"08D90219","chunk_id":"cooklzaz6q61o","chunk_label":"unnamed-chunk-18"},{"row":247,"row_count":1,"visible":true,"expansion_state":0,"options":{"engine":"r","label":"unnamed-chunk-51","dev":"png"},"document_id":"08D90219","chunk_id":"cxa2vubc8sdxc","chunk_label":"unnamed-chunk-19"},{"row":256,"row_count":1,"visible":true,"expansion_state":0,"options":{"engine":"r","label":"unnamed-chunk-52","dev":"png"},"document_id":"08D90219","chunk_id":"cchm3fj92jixj","chunk_label":"unnamed-chunk-20"}],"doc_write_time":1719194753,"chunk_rendered_width":700}